URL,Headline,Publish Date,Publication Reach,Article Reach,Publication Name,Publication Location,Language,Brand,Content Type,Story Prominence,Authors
https://www.startupresearcher.com/news/singapore-ai-startup-i10x-raises-usd1-million-to-drive-innovation,Singapore AI Startup i10x Raises $1 million to Drive Innovation,08 Jan 2026,NA,NA,startupresearcher.com,United States,English,Antler,General News,Feature Story,NA
https://www.europesays.com/2686857/,Meet The Top 10 Indian Startup Investors Of 2025,07 Jan 2026,11285,81,europesays.com,Germany,English,Antler,Stock News,Industry Story,NA
https://portal.megabrasil.com.br/anuario/noticias/ler/13637/um-novo-capitulo-profissional,Um novo capítulo profissional,07 Jan 2026,NA,NA,portal.megabrasil.com.br,Brazil,Portuguese,Antler,General News,Passing Mention,NA
https://uk.finance.yahoo.com/news/25-30-comes-ai-founders-130000077.html,"25 is the new 30 when it comes to AI founders as Gen Z entrepreneurs lead the way on billion-dollar unicorn startups, top VC partner says",07 Jan 2026,NA,NA,uk.finance.yahoo.com,United Kingdom,English,Antler,General News,Feature Story,NA
https://evrimagaci.org/gpt/singapore-ai-startups-drive-decentralized-robotics-and-automation-522929,Singapore AI Startups Drive Decentralized Robotics And Automation,07 Jan 2026,1619214,15701,evrimagaci.org,Turkey,Turkish,Antler,General News,Passing Mention,NA
https://dnyuz.com/2026/01/07/25-is-the-new-30-when-it-comes-to-ai-founders-as-gen-z-entrepreneurs-lead-the-way-on-billion-dollar-unicorn-startups-top-vc-partner-says/,"25 is the new 30 when it comes to AI founders as Gen Z entrepreneurs lead the way on billion-dollar unicorn startups, top VC partner says",07 Jan 2026,393124,4395,dnyuz.com,United States,English,Antler,General News,Feature Story,NA
https://www.business-standard.com/companies/start-ups/indian-startups-ai-applications-2026-missing-infra-boom-126010701039_1.html,India's startups turn to AI applications in 2026 after missing infra boom,07 Jan 2026,10286585,129803,business-standard.com,India,English,Antler,General News,Feature Story,Peerzada Abrar
https://culturaenegocios.com.br/inbazz-oferece-plataforma-para-ampliar-integralmente-a-eficiencia-de-campanhas-com-creators-em-80/,Inbazz oferece plataforma para ampliar integralmente a eficiência de campanhas com creators em 80%,07 Jan 2026,14857,26,culturaenegocios.com.br,Brazil,Portuguese,Antler,General News,Passing Mention,NA
https://beamstart.com/news/singapores-i10x-raises-1m-pre-17677758748862,Singapore's i10X Secures $1M Pre-Seed Funding to Revolutionize AI Discovery and Distribution,07 Jan 2026,32109,206,beamstart.com,Singapore,English,Antler,General News,Passing Mention,NA
https://fortune.com/2026/01/07/25-is-the-new-30-gen-z-ai-unicorn-founders-antler-venture-capital/,"25 is the new 30 when it comes to AI founders as Gen Z entrepreneurs lead the way on billion-dollar unicorn startups, top VC partner says",07 Jan 2026,29813590,168903,fortune.com,United States,English,Antler,General News,Feature Story,Nick Lichtenberg
https://itbusinessnet.com/2026/01/i10x-announces-1-million-pre-seed-round-to-build-the-discovery-distribution-layer-for-ai/,i10X Announces $1 Million Pre-Seed Round to Build the Discovery & Distribution Layer for AI,07 Jan 2026,3677,12,itbusinessnet.com,Australia,English,Antler,General News,Passing Mention,NA
https://www.finsmes.com/2026/01/i10x-raises-1m-in-pre-seed-funding.html,i10X Raises $1M in Pre-Seed Funding,07 Jan 2026,277107,622,finsmes.com,United Kingdom,English,Antler,General News,Passing Mention,NA
https://www.modernfinanceonline.com/article/880928413-i10x-announces-1-million-pre-seed-round-to-build-the-discovery-distribution-layer-for-ai,i10X Announces $1 Million Pre-Seed Round to Build the Discovery & Distribution Layer for AI,07 Jan 2026,NA,NA,modernfinanceonline.com,United States,English,Antler,General News,Passing Mention,NA
https://www.agriland.co.uk/farming-news/dairy-tech-2026-three-finalists-on-royal-diary-innovation-award-shortlist/,Dairy-Tech 2026: Three finalists on Royal Diary Innovation Award shortlist,07 Jan 2026,42235,61,agriland.co.uk,United Kingdom,English,Antler,General News,Passing Mention,NA
https://siuleeboss.com/ai-news/ai-aggregation-platform-2026-2026-01-07/,I10X AI聚合平台融资100万美元：2026年中小企业如何通过单一订阅解锁500+AI工具革命？,07 Jan 2026,NA,NA,siuleeboss.com,Taiwan,Chinese,Antler,General News,Passing Mention,NA
https://cn.technode.com/post/2026-01-07/sg-i10x-raises-1m-pre-seed-funding/,新加坡AI聚合平台I10X完成100万美元Pre-Seed轮融资,07 Jan 2026,5773,13,cn.technode.com,India,English,Antler,General News,Passing Mention,NA
https://technode.global/2026/01/07/singapores-i10x-raises-1m-pre-seed-funding-to-build-the-discovery-and-distribution-layer-for-ai/,Singapore's i10X raises $1M Pre-Seed funding to build the discovery and distribution layer for AI,07 Jan 2026,83668,105,technode.global,Singapore,English,Antler,General News,Passing Mention,NA
http://www.streetinsider.com/Globe+Newswire/i10X+Announces+%241+Million+Pre-Seed+Round+to+Build+the+Discovery+%26amp%3B+Distribution+Layer+for+AI/25812529.html,i10X Announces $1 Million Pre-Seed Round to Build the Discovery & Distribution Layer for AI,07 Jan 2026,177671,1188,streetinsider.com,United States,English,Antler,General News,Passing Mention,NA
http://www.streetinsider.com/Globe+Newswire/i10X+Announces+%241+Million+Pre-Seed+Round+to+Build+the+Discovery+%26+Distribution+Layer+for+AI/25812528.html,i10X Announces $1 Million Pre-Seed Round to Build the Discovery & Distribution Layer for AI,07 Jan 2026,177671,1188,streetinsider.com,United States,English,Antler,General News,Passing Mention,NA
https://www.entrepreneurindia.com/blog/en/article/why-vcs-and-lenders-signal-shift-to-selective-capital-and-better-design-in-2026.58639,Why VCs and Lenders Signal Shift to Selective Capital and Better Design in 2026,07 Jan 2026,NA,NA,entrepreneurindia.com,India,English,Antler,Stock News,Feature Story,NA
https://menafn.com/1110563996/I10x-Announces-1-Million-Pre-Seed-Round-To-Build-The-Discovery-Distribution-Layer-For-AI,I10x Announces $1 Million Pre-Seed Round To Build The Discovery & Distribution Layer For AI,07 Jan 2026,113113,11877,menafn.com,United Arab Emirates,English,Antler,General News,Passing Mention,NA
https://uknewshour.com/i10x-announces-1-million-pre-seed-round-to-build-the-discovery-distribution-layer-for-ai/2026/173745/,i10X Announces $1 Million Pre-Seed Round to Build the Discovery & Distribution Layer for AI,06 Jan 2026,NA,NA,uknewshour.com,United Kingdom,English,Antler,General News,Passing Mention,NA
https://www.todayontheinternet.com/article/880928413-i10x-announces-1-million-pre-seed-round-to-build-the-discovery-distribution-layer-for-ai,i10X Announces $1 Million Pre-Seed Round to Build the Discovery & Distribution Layer for AI,06 Jan 2026,NA,NA,todayontheinternet.com,India,English,Antler,General News,Passing Mention,NA
https://www.rhodeislandbusinessdaily.com/article/880928413-i10x-announces-1-million-pre-seed-round-to-build-the-discovery-distribution-layer-for-ai,i10X Announces $1 Million Pre-Seed Round to Build the Discovery & Distribution Layer for AI,06 Jan 2026,NA,NA,rhodeislandbusinessdaily.com,United States,English,Antler,General News,Passing Mention,NA
https://www.valuespectrum.com/corporate_news/1367856-i10x-announces-1-million-pre-seed-round-to-build-the-discovery-distribution-layer-for-ai,i10X Announces $1 Million Pre-Seed Round to Build the Discovery & Distribution Layer for AI,06 Jan 2026,22279,NA,valuespectrum.com,United States,English,Antler,General News,Passing Mention,NA
https://www.globalmediawatch.com/article/880928413-i10x-announces-1-million-pre-seed-round-to-build-the-discovery-distribution-layer-for-ai,i10X Announces $1 Million Pre-Seed Round to Build the Discovery & Distribution Layer for AI,06 Jan 2026,NA,NA,globalmediawatch.com,United States,English,Antler,General News,Passing Mention,NA
https://www.artssocietyandme.com/article/880928413-i10x-announces-1-million-pre-seed-round-to-build-the-discovery-distribution-layer-for-ai,i10X Announces $1 Million Pre-Seed Round to Build the Discovery & Distribution Layer for AI,06 Jan 2026,NA,NA,artssocietyandme.com,United Kingdom,English,Antler,General News,Passing Mention,NA
https://www.mangaloremirror.com/i10x-announces-1-million-pre-seed-round-to-build-the-discovery-distribution-layer-for-ai/,i10X Announces $1 Million Pre-Seed Round to Build the Discovery & Distribution Layer for AI,06 Jan 2026,1488,99,mangaloremirror.com,India,English,Antler,General News,Passing Mention,NA
https://pr.washingtoncitypaper.com/article/i10X-Announces-dollar1-Million-Pre-Seed-Round-to-Build-the-Discovery-andamp-Distribution-Layer-for-AI?storyId=695d65e9eb1c137304e2219e,i10X Announces $1 Million Pre-Seed Round to Build the Discovery & Distribution Layer for AI,06 Jan 2026,NA,NA,pr.washingtoncitypaper.com,United States,English,Antler,General News,Passing Mention,NA
https://www.itnewsonline.com/GlobeNewswire/i10X-Announces-USD1-Million-Pre-Seed-Round-to-Build-the-Discovery--Distribution-Layer-for-AI/113338,i10X Announces $1 Million Pre-Seed Round to Build the Discovery & Distribution Layer for AI,06 Jan 2026,719,5,itnewsonline.com,India,English,Antler,General News,Passing Mention,NA
https://pr.mysugarhousejournal.com/article/i10X-Announces-dollar1-Million-Pre-Seed-Round-to-Build-the-Discovery-andamp-Distribution-Layer-for-AI?storyId=695d65e9eb1c137304e2219e,i10X Announces $1 Million Pre-Seed Round to Build the Discovery & Distribution Layer for AI GlobeNewswire | i10x.ai Today at 8:39pm GMT+1,06 Jan 2026,NA,NA,pr.mysugarhousejournal.com,United States,English,Antler,General News,Passing Mention,NA
https://smb.alexcityoutlook.com/article/i10X-Announces-dollar1-Million-Pre-Seed-Round-to-Build-the-Discovery-andamp-Distribution-Layer-for-AI?storyId=695d65e9eb1c137304e2219e,i10X Announces $1 Million Pre-Seed Round to Build the Discovery & Distribution Layer for AI,06 Jan 2026,NA,NA,smb.alexcityoutlook.com,United States,English,Antler,General News,Passing Mention,NA
https://pr.midvalejournal.com/article/i10X-Announces-dollar1-Million-Pre-Seed-Round-to-Build-the-Discovery-andamp-Distribution-Layer-for-AI?storyId=695d65e9eb1c137304e2219e,i10X Announces $1 Million Pre-Seed Round to Build the Discovery & Distribution Layer for AI,06 Jan 2026,NA,NA,pr.midvalejournal.com,United States,English,Antler,General News,Passing Mention,NA
https://beta.manilatimes.net/2026/01/07/tmt-newswire/globenewswire/i10x-announces-1-million-pre-seed-round-to-build-the-discovery-distribution-layer-for-ai/2254092,i10X Announces $1 Million Pre-Seed Round to Build the Discovery & Distribution Layer for AI,06 Jan 2026,NA,NA,beta.manilatimes.net,Philippines,English,Antler,General News,Passing Mention,NA
https://www.manilatimes.net/2026/01/07/tmt-newswire/globenewswire/i10x-announces-1-million-pre-seed-round-to-build-the-discovery-distribution-layer-for-ai/2254092,i10X Announces $1 Million Pre-Seed Round to Build the Discovery & Distribution Layer for AI,06 Jan 2026,776303,43445,manilatimes.net,Philippines,English,Antler,General News,Passing Mention,NA
https://pr.enewspf.com/article/i10X-Announces-dollar1-Million-Pre-Seed-Round-to-Build-the-Discovery-andamp-Distribution-Layer-for-AI?storyId=695d65e9eb1c137304e2219e,i10X Announces $1 Million Pre-Seed Round to Build the Discovery & Distribution Layer for AI,06 Jan 2026,NA,NA,pr.enewspf.com,United States,English,Antler,General News,Passing Mention,NA
https://pr.murrayjournal.com/article/i10X-Announces-dollar1-Million-Pre-Seed-Round-to-Build-the-Discovery-andamp-Distribution-Layer-for-AI?storyId=695d65e9eb1c137304e2219e,i10X Announces $1 Million Pre-Seed Round to Build the Discovery & Distribution Layer for AI,06 Jan 2026,NA,NA,pr.murrayjournal.com,United States,English,Antler,General News,Passing Mention,NA
https://pr.gridleyherald.com/article/i10X-Announces-dollar1-Million-Pre-Seed-Round-to-Build-the-Discovery-andamp-Distribution-Layer-for-AI?storyId=695d65e9eb1c137304e2219e,"Singapore, Singapore, Jan. 06, 2026 (GLOBE NEWSWIRE) --",06 Jan 2026,NA,NA,pr.gridleyherald.com,United States,English,Antler,General News,Passing Mention,NA
https://pr.westjordanjournal.com/article/i10X-Announces-dollar1-Million-Pre-Seed-Round-to-Build-the-Discovery-andamp-Distribution-Layer-for-AI?storyId=695d65e9eb1c137304e2219e,i10X Announces $1 Million Pre-Seed Round to Build the Discovery & Distribution Layer for AI,06 Jan 2026,NA,NA,pr.westjordanjournal.com,United States,English,Antler,General News,Passing Mention,NA
https://pr.milfordfreepress.com/article/i10X-Announces-dollar1-Million-Pre-Seed-Round-to-Build-the-Discovery-andamp-Distribution-Layer-for-AI?storyId=695d65e9eb1c137304e2219e,i10X Announces $1 Million Pre-Seed Round to Build the Discovery & Distribution Layer for AI,06 Jan 2026,NA,NA,pr.milfordfreepress.com,United States,English,Antler,General News,Passing Mention,NA
https://pr.hattiesburg.com/article/i10X-Announces-dollar1-Million-Pre-Seed-Round-to-Build-the-Discovery-andamp-Distribution-Layer-for-AI?storyId=695d65e9eb1c137304e2219e,i10X Announces $1 Million Pre-Seed Round to Build the Discovery & Distribution Layer for AI,06 Jan 2026,NA,NA,pr.hattiesburg.com,United States,English,Antler,General News,Passing Mention,NA
https://smb.tryondailybulletin.com/article/i10X-Announces-dollar1-Million-Pre-Seed-Round-to-Build-the-Discovery-andamp-Distribution-Layer-for-AI?storyId=695d65e9eb1c137304e2219e,i10X Announces $1 Million Pre-Seed Round to Build the Discovery & Distribution Layer for AI,06 Jan 2026,NA,NA,smb.tryondailybulletin.com,United States,English,Antler,General News,Passing Mention,NA
https://pr.hopedaletownnews.com/article/i10X-Announces-dollar1-Million-Pre-Seed-Round-to-Build-the-Discovery-andamp-Distribution-Layer-for-AI?storyId=695d65e9eb1c137304e2219e,i10X Announces $1 Million Pre-Seed Round to Build the Discovery & Distribution Layer for AI,06 Jan 2026,NA,NA,pr.hopedaletownnews.com,United States,English,Antler,General News,Passing Mention,NA
https://pr.bonitaesteromagazine.com/article/i10X-Announces-dollar1-Million-Pre-Seed-Round-to-Build-the-Discovery-andamp-Distribution-Layer-for-AI?storyId=695d65e9eb1c137304e2219e,i10X Announces $1 Million Pre-Seed Round to Build the Discovery & Distribution Layer for AI GlobeNewswire | i10x.ai Today at 8:39pm GMT+1,06 Jan 2026,NA,NA,pr.bonitaesteromagazine.com,United States,English,Antler,General News,Passing Mention,NA
https://pr.gulfmainmagazine.com/article/i10X-Announces-dollar1-Million-Pre-Seed-Round-to-Build-the-Discovery-andamp-Distribution-Layer-for-AI?storyId=695d65e9eb1c137304e2219e,i10X Announces $1 Million Pre-Seed Round to Build the Discovery & Distribution Layer for AI GlobeNewswire | i10x.ai Today at 8:39pm GMT+1,06 Jan 2026,1072,12,pr.gulfmainmagazine.com,United States,English,Antler,General News,Passing Mention,NA
https://pr.davisjournal.com/article/i10X-Announces-dollar1-Million-Pre-Seed-Round-to-Build-the-Discovery-andamp-Distribution-Layer-for-AI?storyId=695d65e9eb1c137304e2219e,i10X Announces $1 Million Pre-Seed Round to Build the Discovery & Distribution Layer for AI,06 Jan 2026,NA,NA,pr.davisjournal.com,United States,English,Antler,General News,Passing Mention,NA
https://smb.irontontribune.com/article/i10X-Announces-dollar1-Million-Pre-Seed-Round-to-Build-the-Discovery-andamp-Distribution-Layer-for-AI?storyId=695d65e9eb1c137304e2219e,i10X Announces $1 Million Pre-Seed Round to Build the Discovery & Distribution Layer for AI,06 Jan 2026,328,NA,smb.irontontribune.com,United States,English,Antler,General News,Passing Mention,NA
https://pr.taosnews.com/article/i10X-Announces-dollar1-Million-Pre-Seed-Round-to-Build-the-Discovery-andamp-Distribution-Layer-for-AI?storyId=695d65e9eb1c137304e2219e,i10X Announces $1 Million Pre-Seed Round to Build the Discovery & Distribution Layer for AI,06 Jan 2026,NA,NA,pr.taosnews.com,United States,English,Antler,General News,Passing Mention,NA
https://pr.draperjournal.com/article/i10X-Announces-dollar1-Million-Pre-Seed-Round-to-Build-the-Discovery-andamp-Distribution-Layer-for-AI?storyId=695d65e9eb1c137304e2219e,i10X Announces $1 Million Pre-Seed Round to Build the Discovery & Distribution Layer for AI,06 Jan 2026,NA,NA,pr.draperjournal.com,United States,English,Antler,General News,Passing Mention,NA
https://pr.rswliving.com/article/i10X-Announces-dollar1-Million-Pre-Seed-Round-to-Build-the-Discovery-andamp-Distribution-Layer-for-AI?storyId=695d65e9eb1c137304e2219e,i10X Announces $1 Million Pre-Seed Round to Build the Discovery & Distribution Layer for AI,06 Jan 2026,1037,33,pr.rswliving.com,United States,English,Antler,General News,Passing Mention,NA
https://pr.timesofsandiego.com/article/i10X-Announces-dollar1-Million-Pre-Seed-Round-to-Build-the-Discovery-andamp-Distribution-Layer-for-AI?storyId=695d65e9eb1c137304e2219e,i10X Announces $1 Million Pre-Seed Round to Build the Discovery & Distribution Layer for AI,06 Jan 2026,NA,NA,pr.timesofsandiego.com,United States,English,Antler,General News,Passing Mention,NA
https://pr.taylorsvillecityjournal.com/article/i10X-Announces-dollar1-Million-Pre-Seed-Round-to-Build-the-Discovery-andamp-Distribution-Layer-for-AI?storyId=695d65e9eb1c137304e2219e,i10X Announces $1 Million Pre-Seed Round to Build the Discovery & Distribution Layer for AI GlobeNewswire | i10x.ai Yesterday at 8:39pm GMT+1,06 Jan 2026,NA,NA,pr.taylorsvillecityjournal.com,United States,English,Antler,General News,Passing Mention,NA
https://pr.fayettevilleconnect.com/article/i10X-Announces-dollar1-Million-Pre-Seed-Round-to-Build-the-Discovery-andamp-Distribution-Layer-for-AI?storyId=695d65e9eb1c137304e2219e,i10X Announces $1 Million Pre-Seed Round to Build the Discovery & Distribution Layer for AI,06 Jan 2026,NA,NA,pr.fayettevilleconnect.com,United States,English,Antler,General News,Passing Mention,NA
https://pr.jewishlink.news/article/i10X-Announces-dollar1-Million-Pre-Seed-Round-to-Build-the-Discovery-andamp-Distribution-Layer-for-AI?storyId=695d65e9eb1c137304e2219e,i10X Announces $1 Million Pre-Seed Round to Build the Discovery & Distribution Layer for AI,06 Jan 2026,NA,NA,pr.jewishlink.news,United States,English,Antler,General News,Passing Mention,NA
https://pr.ashlandtownnews.com/article/i10X-Announces-dollar1-Million-Pre-Seed-Round-to-Build-the-Discovery-andamp-Distribution-Layer-for-AI?storyId=695d65e9eb1c137304e2219e,i10X Announces $1 Million Pre-Seed Round to Build the Discovery & Distribution Layer for AI GlobeNewswire | i10x.ai Today at 8:39pm GMT+1,06 Jan 2026,NA,NA,pr.ashlandtownnews.com,United States,English,Antler,General News,Passing Mention,NA
https://pr.myparishnews.com/article/i10X-Announces-dollar1-Million-Pre-Seed-Round-to-Build-the-Discovery-andamp-Distribution-Layer-for-AI?storyId=695d65e9eb1c137304e2219e,i10X Announces $1 Million Pre-Seed Round to Build the Discovery & Distribution Layer for AI,06 Jan 2026,NA,NA,pr.myparishnews.com,United States,English,Antler,General News,Passing Mention,NA
https://smb.thepostsearchlight.com/article/i10X-Announces-dollar1-Million-Pre-Seed-Round-to-Build-the-Discovery-andamp-Distribution-Layer-for-AI?storyId=695d65e9eb1c137304e2219e,i10X Announces $1 Million Pre-Seed Round to Build the Discovery & Distribution Layer for AI,06 Jan 2026,406,2,smb.thepostsearchlight.com,United States,English,Antler,General News,Passing Mention,NA
https://pr.capecorallivingmagazine.com/article/i10X-Announces-dollar1-Million-Pre-Seed-Round-to-Build-the-Discovery-andamp-Distribution-Layer-for-AI?storyId=695d65e9eb1c137304e2219e,i10X Announces $1 Million Pre-Seed Round to Build the Discovery & Distribution Layer for AI,06 Jan 2026,NA,NA,pr.capecorallivingmagazine.com,United States,English,Antler,General News,Passing Mention,NA
https://pr.eyeondunn.com/article/i10X-Announces-dollar1-Million-Pre-Seed-Round-to-Build-the-Discovery-andamp-Distribution-Layer-for-AI?storyId=695d65e9eb1c137304e2219e,i10X Announces $1 Million Pre-Seed Round to Build the Discovery & Distribution Layer for AI,06 Jan 2026,NA,NA,pr.eyeondunn.com,United States,English,Antler,General News,Passing Mention,NA
https://go.chinesewire.com/article/i10X-Announces-dollar1-Million-Pre-Seed-Round-to-Build-the-Discovery-andamp-Distribution-Layer-for-AI?storyId=695d65e9eb1c137304e2219e,i10X Announces $1 Million Pre-Seed Round to Build the Discovery & Distribution Layer for AI,06 Jan 2026,NA,NA,go.chinesewire.com,China,English,Antler,General News,Passing Mention,NA
https://pr.valleyjournals.com/article/i10X-Announces-dollar1-Million-Pre-Seed-Round-to-Build-the-Discovery-andamp-Distribution-Layer-for-AI?storyId=695d65e9eb1c137304e2219e,i10X Announces $1 Million Pre-Seed Round to Build the Discovery & Distribution Layer for AI,06 Jan 2026,NA,NA,pr.valleyjournals.com,United States,English,Antler,General News,Passing Mention,NA
https://smb.magnoliastatelive.com/article/i10X-Announces-dollar1-Million-Pre-Seed-Round-to-Build-the-Discovery-andamp-Distribution-Layer-for-AI?storyId=695d65e9eb1c137304e2219e,i10X Announces $1 Million Pre-Seed Round to Build the Discovery & Distribution Layer for AI,06 Jan 2026,NA,NA,smb.magnoliastatelive.com,United States,English,Antler,General News,Passing Mention,NA
https://smb.beauregardnews.com/article/i10X-Announces-dollar1-Million-Pre-Seed-Round-to-Build-the-Discovery-andamp-Distribution-Layer-for-AI?storyId=695d65e9eb1c137304e2219e,i10X Announces $1 Million Pre-Seed Round to Build the Discovery & Distribution Layer for AI,06 Jan 2026,NA,NA,smb.beauregardnews.com,United States,English,Antler,General News,Passing Mention,NA
https://pr.cottonwoodheightsjournal.com/article/i10X-Announces-dollar1-Million-Pre-Seed-Round-to-Build-the-Discovery-andamp-Distribution-Layer-for-AI?storyId=695d65e9eb1c137304e2219e,i10X Announces $1 Million Pre-Seed Round to Build the Discovery & Distribution Layer for AI,06 Jan 2026,NA,NA,pr.cottonwoodheightsjournal.com,India,English,Antler,General News,Passing Mention,NA
https://pr.columbiabusinessmonthly.com/article/i10X-Announces-dollar1-Million-Pre-Seed-Round-to-Build-the-Discovery-andamp-Distribution-Layer-for-AI?storyId=695d65e9eb1c137304e2219e,i10X Announces $1 Million Pre-Seed Round to Build the Discovery & Distribution Layer for AI,06 Jan 2026,NA,NA,pr.columbiabusinessmonthly.com,United States,English,Antler,General News,Passing Mention,NA
https://smb.harlandaily.com/article/i10X-Announces-dollar1-Million-Pre-Seed-Round-to-Build-the-Discovery-andamp-Distribution-Layer-for-AI?storyId=695d65e9eb1c137304e2219e,i10X Announces $1 Million Pre-Seed Round to Build the Discovery & Distribution Layer for AI,06 Jan 2026,NA,NA,smb.harlandaily.com,United States,English,Antler,General News,Passing Mention,NA
https://pr.connectiredell.net/article/i10X-Announces-dollar1-Million-Pre-Seed-Round-to-Build-the-Discovery-andamp-Distribution-Layer-for-AI?storyId=695d65e9eb1c137304e2219e,i10X Announces $1 Million Pre-Seed Round to Build the Discovery & Distribution Layer for AI GlobeNewswire | i10x.ai Today at 8:39pm GMT+1,06 Jan 2026,NA,NA,pr.connectiredell.net,United States,English,Antler,General News,Passing Mention,NA
https://smb.oxfordeagle.com/article/i10X-Announces-dollar1-Million-Pre-Seed-Round-to-Build-the-Discovery-andamp-Distribution-Layer-for-AI?storyId=695d65e9eb1c137304e2219e,i10X Announces $1 Million Pre-Seed Round to Build the Discovery & Distribution Layer for AI,06 Jan 2026,977,20,smb.oxfordeagle.com,United States,English,Antler,General News,Passing Mention,NA
https://pr.rivertonjournal.com/article/i10X-Announces-dollar1-Million-Pre-Seed-Round-to-Build-the-Discovery-andamp-Distribution-Layer-for-AI?storyId=695d65e9eb1c137304e2219e,i10X Announces $1 Million Pre-Seed Round to Build the Discovery & Distribution Layer for AI,06 Jan 2026,NA,NA,pr.rivertonjournal.com,United States,English,Antler,General News,Passing Mention,NA
https://smb.tallasseetribune.com/article/i10X-Announces-dollar1-Million-Pre-Seed-Round-to-Build-the-Discovery-andamp-Distribution-Layer-for-AI?storyId=695d65e9eb1c137304e2219e,i10X Announces $1 Million Pre-Seed Round to Build the Discovery & Distribution Layer for AI GlobeNewswire | i10x.ai Today at 8:39pm GMT+1,06 Jan 2026,NA,NA,smb.tallasseetribune.com,United States,English,Antler,General News,Passing Mention,NA
https://smb.prentissheadlight.com/article/i10X-Announces-dollar1-Million-Pre-Seed-Round-to-Build-the-Discovery-andamp-Distribution-Layer-for-AI?storyId=695d65e9eb1c137304e2219e,i10X Announces $1 Million Pre-Seed Round to Build the Discovery & Distribution Layer for AI,06 Jan 2026,NA,NA,smb.prentissheadlight.com,United States,English,Antler,General News,Passing Mention,NA
https://smb.thewetumpkaherald.com/article/i10X-Announces-dollar1-Million-Pre-Seed-Round-to-Build-the-Discovery-andamp-Distribution-Layer-for-AI?storyId=695d65e9eb1c137304e2219e,i10X Announces $1 Million Pre-Seed Round to Build the Discovery & Distribution Layer for AI,06 Jan 2026,NA,NA,smb.thewetumpkaherald.com,United States,English,Antler,General News,Passing Mention,NA
https://smb.bluegrasslive.com/article/i10X-Announces-dollar1-Million-Pre-Seed-Round-to-Build-the-Discovery-andamp-Distribution-Layer-for-AI?storyId=695d65e9eb1c137304e2219e,i10X Announces $1 Million Pre-Seed Round to Build the Discovery & Distribution Layer for AI,06 Jan 2026,609,22,smb.bluegrasslive.com,United States,English,Antler,General News,Passing Mention,NA
https://smb.state-journal.com/article/i10X-Announces-dollar1-Million-Pre-Seed-Round-to-Build-the-Discovery-andamp-Distribution-Layer-for-AI?storyId=695d65e9eb1c137304e2219e,i10X Announces $1 Million Pre-Seed Round to Build the Discovery & Distribution Layer for AI Today at 8:39pm GMT+1,06 Jan 2026,27,NA,smb.state-journal.com,Canada,English,Antler,General News,Passing Mention,NA
https://pr.southsaltlakejournal.com/article/i10X-Announces-dollar1-Million-Pre-Seed-Round-to-Build-the-Discovery-andamp-Distribution-Layer-for-AI?storyId=695d65e9eb1c137304e2219e,i10X Announces $1 Million Pre-Seed Round to Build the Discovery & Distribution Layer for AI GlobeNewswire | i10x.ai Yesterday at 8:39pm GMT+1,06 Jan 2026,NA,NA,pr.southsaltlakejournal.com,United States,English,Antler,General News,Passing Mention,NA
https://pr.thembnews.com/article/i10X-Announces-dollar1-Million-Pre-Seed-Round-to-Build-the-Discovery-andamp-Distribution-Layer-for-AI?storyId=695d65e9eb1c137304e2219e,i10X Announces $1 Million Pre-Seed Round to Build the Discovery & Distribution Layer for AI GlobeNewswire | i10x.ai Today at 8:39pm GMT+1,06 Jan 2026,NA,NA,pr.thembnews.com,United States,English,Antler,General News,Passing Mention,NA
https://pr.cariboucountynews.com/article/i10X-Announces-dollar1-Million-Pre-Seed-Round-to-Build-the-Discovery-andamp-Distribution-Layer-for-AI?storyId=695d65e9eb1c137304e2219e,i10X Announces $1 Million Pre-Seed Round to Build the Discovery & Distribution Layer for AI,06 Jan 2026,NA,NA,pr.cariboucountynews.com,United States,English,Antler,General News,Passing Mention,NA
https://pr.naticktownnews.com/article/i10X-Announces-dollar1-Million-Pre-Seed-Round-to-Build-the-Discovery-andamp-Distribution-Layer-for-AI?storyId=695d65e9eb1c137304e2219e,i10X Announces $1 Million Pre-Seed Round to Build the Discovery & Distribution Layer for AI,06 Jan 2026,NA,NA,pr.naticktownnews.com,United States,English,Antler,General News,Passing Mention,NA
https://pr.chillicothevoice.com/article/i10X-Announces-dollar1-Million-Pre-Seed-Round-to-Build-the-Discovery-andamp-Distribution-Layer-for-AI?storyId=695d65e9eb1c137304e2219e,i10X Announces $1 Million Pre-Seed Round to Build the Discovery & Distribution Layer for AI GlobeNewswire | i10x.ai Today at 8:39pm GMT+1,06 Jan 2026,NA,NA,pr.chillicothevoice.com,United States,English,Antler,General News,Passing Mention,NA
https://pr.timesoftheislands.com/article/i10X-Announces-dollar1-Million-Pre-Seed-Round-to-Build-the-Discovery-andamp-Distribution-Layer-for-AI?storyId=695d65e9eb1c137304e2219e,i10X Announces $1 Million Pre-Seed Round to Build the Discovery & Distribution Layer for AI GlobeNewswire | i10x.ai Today at 8:39pm GMT+1,06 Jan 2026,NA,NA,pr.timesoftheislands.com,United States,English,Antler,General News,Passing Mention,NA
https://pr.cbslakecharles.tv/article/i10X-Announces-dollar1-Million-Pre-Seed-Round-to-Build-the-Discovery-andamp-Distribution-Layer-for-AI?storyId=695d65e9eb1c137304e2219e,i10X Announces $1 Million Pre-Seed Round to Build the Discovery & Distribution Layer for AI,06 Jan 2026,NA,NA,pr.cbslakecharles.tv,United States,English,Antler,General News,Passing Mention,NA
https://pr.norwoodtownnews.com/article/i10X-Announces-dollar1-Million-Pre-Seed-Round-to-Build-the-Discovery-andamp-Distribution-Layer-for-AI?storyId=695d65e9eb1c137304e2219e,i10X Announces $1 Million Pre-Seed Round to Build the Discovery & Distribution Layer for AI GlobeNewswire | i10x.ai Today at 8:39pm GMT+1,06 Jan 2026,NA,NA,pr.norwoodtownnews.com,United States,English,Antler,General News,Passing Mention,NA
https://portal.sina.com.hk/finance/finance-globenewswire/globenewswire/2026/01/06/1430139/i10x-announces-1-million-pre-seed-round-to-build-the-discovery-distribution-layer-for-ai/,i10X Announces $1 Million Pre-Seed Round to Build the Discovery & Distribution Layer for AI,06 Jan 2026,75431,1325,portal.sina.com.hk,China,Chinese,Antler,General News,Passing Mention,NA
https://pr.southjordanjournal.com/article/i10X-Announces-dollar1-Million-Pre-Seed-Round-to-Build-the-Discovery-andamp-Distribution-Layer-for-AI?storyId=695d65e9eb1c137304e2219e,i10X Announces $1 Million Pre-Seed Round to Build the Discovery & Distribution Layer for AI,06 Jan 2026,NA,NA,pr.southjordanjournal.com,United States,English,Antler,General News,Passing Mention,NA
https://pr.holladayjournal.com/article/i10X-Announces-dollar1-Million-Pre-Seed-Round-to-Build-the-Discovery-andamp-Distribution-Layer-for-AI?storyId=695d65e9eb1c137304e2219e,i10X Announces $1 Million Pre-Seed Round to Build the Discovery & Distribution Layer for AI,06 Jan 2026,NA,NA,pr.holladayjournal.com,United States,English,Antler,General News,Passing Mention,NA
https://pr.franklintownnews.com/article/i10X-Announces-dollar1-Million-Pre-Seed-Round-to-Build-the-Discovery-andamp-Distribution-Layer-for-AI?storyId=695d65e9eb1c137304e2219e,i10X Announces $1 Million Pre-Seed Round to Build the Discovery & Distribution Layer for AI,06 Jan 2026,NA,NA,pr.franklintownnews.com,United States,English,Antler,General News,Passing Mention,NA
https://pr.pioneerpublishers.com/article/i10X-Announces-dollar1-Million-Pre-Seed-Round-to-Build-the-Discovery-andamp-Distribution-Layer-for-AI?storyId=695d65e9eb1c137304e2219e,i10X Announces $1 Million Pre-Seed Round to Build the Discovery & Distribution Layer for AI GlobeNewswire | i10x.ai Today at 8:39pm GMT+1 Notifications,06 Jan 2026,595,1,pr.pioneerpublishers.com,United States,English,Antler,General News,Passing Mention,NA
https://pr.sandyjournal.com/article/i10X-Announces-dollar1-Million-Pre-Seed-Round-to-Build-the-Discovery-andamp-Distribution-Layer-for-AI?storyId=695d65e9eb1c137304e2219e,i10X Announces $1 Million Pre-Seed Round to Build the Discovery & Distribution Layer for AI GlobeNewswire | i10x.ai Today at 8:39pm GMT+1,06 Jan 2026,NA,NA,pr.sandyjournal.com,United States,English,Antler,General News,Passing Mention,NA
https://pr.boreal.org/article/i10X-Announces-dollar1-Million-Pre-Seed-Round-to-Build-the-Discovery-andamp-Distribution-Layer-for-AI?storyId=695d65e9eb1c137304e2219e,i10X Announces $1 Million Pre-Seed Round to Build the Discovery & Distribution Layer for AI,06 Jan 2026,NA,NA,pr.boreal.org,United States,English,Antler,General News,Passing Mention,NA
https://pr.hollistontownnews.com/article/i10X-Announces-dollar1-Million-Pre-Seed-Round-to-Build-the-Discovery-andamp-Distribution-Layer-for-AI?storyId=695d65e9eb1c137304e2219e,i10X Announces $1 Million Pre-Seed Round to Build the Discovery & Distribution Layer for AI,06 Jan 2026,NA,NA,pr.hollistontownnews.com,United States,English,Antler,General News,Passing Mention,NA
https://smb.demopolistimes.com/article/i10X-Announces-dollar1-Million-Pre-Seed-Round-to-Build-the-Discovery-andamp-Distribution-Layer-for-AI?storyId=695d65e9eb1c137304e2219e,i10X Announces $1 Million Pre-Seed Round to Build the Discovery & Distribution Layer for AI,06 Jan 2026,NA,NA,smb.demopolistimes.com,United States,English,Antler,General News,Passing Mention,NA
https://smb.andalusiastarnews.com/article/i10X-Announces-dollar1-Million-Pre-Seed-Round-to-Build-the-Discovery-andamp-Distribution-Layer-for-AI?storyId=695d65e9eb1c137304e2219e,i10X Announces $1 Million Pre-Seed Round to Build the Discovery & Distribution Layer for AI,06 Jan 2026,NA,NA,smb.andalusiastarnews.com,United States,English,Antler,General News,Passing Mention,NA
https://smb.elizabethton.com/article/i10X-Announces-dollar1-Million-Pre-Seed-Round-to-Build-the-Discovery-andamp-Distribution-Layer-for-AI?storyId=695d65e9eb1c137304e2219e,i10X Announces $1 Million Pre-Seed Round to Build the Discovery & Distribution Layer for AI,06 Jan 2026,776,2,smb.elizabethton.com,United States,English,Antler,General News,Passing Mention,NA
https://pr.stylemg.com/article/i10X-Announces-dollar1-Million-Pre-Seed-Round-to-Build-the-Discovery-andamp-Distribution-Layer-for-AI?storyId=695d65e9eb1c137304e2219e,i10X Announces $1 Million Pre-Seed Round to Build the Discovery & Distribution Layer for AI,06 Jan 2026,NA,NA,pr.stylemg.com,United States,English,Antler,General News,Passing Mention,NA
https://markets.businessinsider.com/news/stocks/i10x-announces-1-million-pre-seed-round-to-build-the-discovery-distribution-layer-for-ai-1035688135,i10X Announces $1 Million Pre-Seed Round to Build the Discovery & Distribution Layer for AI,06 Jan 2026,2085523,24828,markets.businessinsider.com,United States,English,Antler,Stock News,Passing Mention,NA
https://www.benzinga.com/pressreleases/26/01/g49736514/i10x-announces-1-million-pre-seed-round-to-build-the-discovery-distribution-layer-for-ai,i10X Announces $1 Million Pre-Seed Round to Build the Discovery & Distribution Layer for AI,06 Jan 2026,5296882,160954,benzinga.com,United States,English,Antler,General News,Passing Mention,NA
https://apnews.com/press-release/globenewswire-mobile/i10x-announces-1-million-pre-seed-round-to-build-the-discovery-distribution-layer-for-ai-a815676e79e4b4563d8d430c2c9cb955,i10X Announces $1 Million Pre-Seed Round to Build the Discovery & Distribution Layer for AI,06 Jan 2026,95748864,515703,apnews.com,United States,English,Antler,General News,Passing Mention,NA
https://uk.finance.yahoo.com/news/i10x-announces-1-million-pre-193900592.html,i10X Announces $1 Million Pre-Seed Round to Build the Discovery & Distribution Layer for AI,06 Jan 2026,NA,NA,uk.finance.yahoo.com,United Kingdom,English,Antler,General News,Passing Mention,NA
https://mx.advfn.com/bolsa-de-valores/noticias/97563820/i10x-announces-1-million-pre-seed-round-to-build-the-discovery-distribution-l,i10X Announces $1 Million Pre-Seed Round to Build the Discovery & Distribution Layer for AI,06 Jan 2026,17373,82,mx.advfn.com,Mexico,English,Antler,General News,Passing Mention,NA
https://www.tmcnet.com/usubmit/2026/01/06/10312287.htm,i10X Announces $1 Million Pre-Seed Round to Build the Discovery & Distribution Layer for AI,06 Jan 2026,37912,4905,tmcnet.com,United States,English,Antler,General News,Passing Mention,NA
https://www.globenewswire.com/news-release/2026/01/06/3214078/0/en/i10X-Announces-1-Million-Pre-Seed-Round-to-Build-the-Discovery-Distribution-Layer-for-AI.html,i10X Announces $1 Million Pre-Seed Round to Build the Discovery & Distribution Layer for AI,06 Jan 2026,838930,11227,globenewswire.com,United States,English,Antler,General News,Passing Mention,NA
https://news.fintech.io/post/102lzmu/venture-firm-antler-made-over-400-investments-last-yearand-just-reloaded-with-1,Venture firm Antler made over 400 investments last year—and just reloaded with $160m,06 Jan 2026,NA,NA,news.fintech.io,United States,English,Antler,General News,Feature Story,NA
https://wdctv.news/crystal-ball-how-ipos-and-dealmaking-will-shake-out-in-2026/,Crystal Ball: How IPOs and dealmaking will shake out in 2026,06 Jan 2026,NA,NA,wdctv.news,United States,English,Antler,Stock News,Passing Mention,NA
https://hallaback.com/crystal-ball-how-ipos-and-dealmaking-will-shake-out-in-2026-492348.html,Crystal Ball: How IPOs and dealmaking will shake out in 2026,06 Jan 2026,NA,NA,hallaback.com,United States,English,Antler,Stock News,Passing Mention,NA
https://www.blj.co.id/index.php/2026/01/06/antler-perkuat-mesin-investasi-global-startup-ai/,Antler Perkuat Mesin Investasi Global Startup AI,06 Jan 2026,NA,NA,blj.co.id,Indonesia,Indonesian,Antler,General News,Feature Story,NA
https://fortune.com/2026/01/06/crystal-ball-how-ipos-and-dealmaking-will-shake-out-in-2026/,Crystal Ball: How IPOs and dealmaking will shake out in 2026,06 Jan 2026,29813590,168903,fortune.com,United States,English,Antler,Stock News,Passing Mention,NA
https://www.redshiftdaily.com/story/i10x-nets-us1m-to-unify-the-worlds-leading-ai-models/r110631658,i10X nets US$1M to unify the world's leading AI models,06 Jan 2026,NA,NA,redshiftdaily.com,United States,English,Antler,General News,Passing Mention,NA
https://www.entrepreneur.com/en-in/news-and-trends/why-vcs-and-lenders-signal-shift-to-selective-capital-and/501631,Why VCs and Lenders Signal Shift to Selective Capital and Better Design in 2026,06 Jan 2026,2264921,21410,entrepreneur.com,India,English,Antler,Stock News,Feature Story,NA
https://www.mt.co.kr/future/2026/01/06/2026010614031425682,"프리미엄 아동복 중고거래 '활발'…뭉클, 작년 판매 5.4배↑",06 Jan 2026,NA,NA,mt.co.kr,Korea South,Korean,Antler,General News,Passing Mention,NA
https://n.news.naver.com/mnews/hotissue/article/008/0005301168,"프리미엄 아동복 중고거래 '활발'…뭉클, 작년 판매 5.4배↑",06 Jan 2026,NA,NA,n.news.naver.com,Korea South,Korean,Antler,General News,Passing Mention,NA
https://www.unicornfactory.co.kr/article/2026010614031425682,"프리미엄 아동복 중고거래 '활발'…뭉클, 작년 판매 5.4배↑",06 Jan 2026,NA,NA,unicornfactory.co.kr,Korea South,Korean,Antler,General News,Passing Mention,NA
https://www.analyticsinsight.net/tech-news/top-news-today-intel-panther-lake-chips-antler-510-million-funding-more,"Top News Today: Intel Panther Lake Chips, Antler $510 Million Funding & More",06 Jan 2026,1121074,5328,analyticsinsight.net,India,English,Antler,Stock News,Feature Story,Sankha Ghosh
https://news.nestia.com/detail/Iterative%2C-Antler-back-%241m-pre-seed-of-SG-based-AI-startup-i10x/13937351,"Iterative, Antler back $1m pre-seed of SG-based AI startup i10x",06 Jan 2026,44265,873,news.nestia.com,Singapore,Chinese,Antler,General News,Feature Story,NA
https://www.asiabusinessoutlook.com/news/singapore-ai-startup-i10x-raises-1m-preseed-funding-nwid-11000.html,Singapore AI Startup i10X Raises $1M Pre-Seed Funding,06 Jan 2026,13431,97,asiabusinessoutlook.com,India,English,Antler,General News,Passing Mention,NA
https://beamstart.com/news/iterative-antler-back-1m-pre-17676660462280,Singapore AI Startup i10x Secures $1M Pre-Seed Funding from Iterative and Antler to Revolutionize Industry,06 Jan 2026,32109,206,beamstart.com,Singapore,English,Antler,General News,Feature Story,NA
https://www.techinasia.com/news/iterative-antler-back-1m-pre-seed-of-sg-based-ai-startup-i10x,"Iterative, Antler back $1m pre-seed of SG-based AI startup i10x",06 Jan 2026,505500,11157,techinasia.com,Singapore,English,Antler,General News,Feature Story,NA
https://article.wn.com/view/2026/01/06/venture_firm_antler_made_over_400_investments_last_year_x201/,Venture Firm Antler Made Over 400 Investments Last Year—and Just Reloaded With $160 Million,06 Jan 2026,23862,205,article.wn.com,United States,English,Antler,General News,Feature Story,NA
https://beamstart.com/news/antlers-2026-ai-push-skips-17676612684962,Antler's 2026 AI Strategy: Bold Shift Away from Agents and Robotics to Core Innovation,06 Jan 2026,32109,206,beamstart.com,Singapore,English,Antler,General News,Feature Story,NA
https://www.techinasia.com/antlers-2026-ai-push-skips-agents-robotics?ref=featured-subex-main,Antler's 2026 AI push skips agents for robotics,06 Jan 2026,505500,11157,techinasia.com,Singapore,English,Antler,General News,Feature Story,Glenn Kaonang
https://economictimes.indiatimes.com/tech/artificial-intelligence/year-2026-retool-reset-or-melt/articleshow/126359558.cms,"Year 2026 retool, reset or melt?",06 Jan 2026,9971739,1188488,economictimes.indiatimes.com,India,English,Antler,Stock News,Passing Mention,Himanshi Lohchab
https://techstartups.com/2026/01/05/top-startup-and-tech-funding-news-january-5-2025/,"Top Startup and Tech Funding News – January 5, 2025",06 Jan 2026,63094,20,techstartups.com,United States,English,Antler,Stock News,Passing Mention,NA